探索韓國皮膚科，收藏院所、比較服務，整理妳的赴韓諮詢計畫。	한국 피부과를 둘러보고, 비교하고, 나만의 상담 계획을 만들어 보세요.
妳的首爾，慢慢變美	나의 속도로 만나는 서울
跳至主要內容	본문으로 이동
體驗版 · 院所、價格與圖片皆為示例，尚未開放實際預約	한국어 검토판 · 병원·가격·사진은 예시이며 실제 예약은 아직 연결되지 않았어요
首頁	홈
主要導覽	주 메뉴
探索院所	병원 둘러보기
赴韓指南	한국 방문 가이드
回台支持	귀국 후 케어
我的收藏	내가 찜한 병원
我的計畫	나의 상담 계획
開啟選單	메뉴 열기
關閉選單	메뉴 닫기
手機選單	모바일 메뉴
简体中文	중국어
柔和日光下的女性形象照，AI 生成示意	부드러운 햇빛 속 여성의 AI 생성 이미지
妳的首爾，	나를 위한 서울,
慢慢變美。	나의 속도로.
探索韓國皮膚科，	한국 피부과 탐색,
從喜歡的開始。	마음이 가는 곳부터.
找到適合我的院所	나에게 맞는 병원 찾기
第一次赴韓？陪妳從這裡開始	한국 피부과가 처음이라면? 여기서 시작해요
最近，想多了解哪一種療程？	요즘, 어떤 시술이 궁금하세요?
從一張心動的照片，開始認識。	눈길 가는 사진부터, 가볍게 알아보세요.
上一張	이전 사진
下一張	다음 사진
療程靈感，可左右滑動	시술 알아보기, 좌우로 넘겨보세요
保濕管理概念圖片	보습관리 콘셉트 이미지
自然膚質概念圖片	자연스러운 피부 콘셉트 이미지
日常保養概念圖片	일상 스킨케어 콘셉트 이미지
輪廓概念圖片	얼굴 윤곽 콘셉트 이미지
舒適院所概念圖片	편안한 병원 공간 콘셉트 이미지
乾燥・保養	건조함 · 스킨케어
想給肌膚一點滋潤？	피부에 촉촉함을 더하고 싶다면?
毛孔・膚質	모공 · 피부결
毛孔療程諮詢	모공 시술 알아보기
近看肌膚，在意的是什麼？	가까이 볼수록 신경 쓰이는 피부결
斑點・膚色	잡티 · 피부톤
皮秒雷射諮詢	피코레이저 알아보기
先了解，再決定適不適合。	어떤 시술인지 먼저 알아볼까요?
輪廓・緊緻	윤곽 · 탄력
緊緻療程諮詢	리프팅 알아보기
選擇這麼多，差別在哪裡？	종류가 많은데, 무엇이 다를까요?
第一次・慢慢了解	처음이라면 · 천천히
初次肌膚諮詢	첫 피부 상담
還沒決定，也可以先聊聊。	아직 고르지 못했어도 괜찮아요
左右滑動探索 · 圖片為 AI 氛圍示意，非療效或真實體驗。	옆으로 넘겨보세요 · 사진은 AI 분위기 예시이며 실제 시술 결과가 아니에요.
先看看，收藏喜歡的	마음에 드는 병원을 찾아보세요
篩選條件	검색 조건
搜尋院所、地區或療程	병원, 지역 또는 시술 검색
想了解的項目	궁금한 시술
全部項目	전체 시술
所有地區	전체 지역
示例預算（韓元）	예시 예산 (원)
不限	제한 없음
以下	이하
清除條件，再看看	조건 지우고 다시 보기
清除條件	조건 초기화
示例資料 · 非實際院所報價	예시 데이터 · 실제 병원 견적이 아니에요
住在這附近，去哪裡諮詢？	숙소 근처, 어떤 병원이 있을까요?
讓院所探索，順著妳的首爾行程。	서울 여행 동선에 맞춰 찾아보세요.
探索這一區	이 지역 둘러보기
好評之外，還想知道什麼？	후기만으로는 궁금증이 남는다면?
費用、溝通、回台後的聯繫，都值得問清楚。	가격, 소통, 귀국 후 연락 방법까지 알아보세요.
院所空間概念圖片，非實際訪問或病患心得	병원 공간 콘셉트 이미지, 실제 방문 후기가 아니에요
心得專區籌備中	실제 후기 준비 중
最後付的，跟一開始說的一樣嗎？	처음 안내받은 금액과 같을까요?
看心得，也要看完整費用與項目条件。	후기와 함께 전체 비용과 포함 항목도 확인해요.
第一次去，真的有人幫忙嗎？	처음 가는데, 소통은 괜찮을까요?
確認中文服務涵蓋哪些環節。	중국어 지원이 어디까지 가능한지 확인해요.
回到台灣，還能找到誰？	대만에 돌아가면 누구에게 연락하죠?
先認識後續聯繫與支援範圍。	귀국 후 연락 방법과 지원 범위를 알아보세요.
目前提供閱讀指南；真實訪問心得待取得同意與核實後上線。	지금은 안내 콘텐츠이며 실제 후기는 동의와 사실 확인 후 추가할 예정이에요.
這趟首爾，多一點期待。	서울 여행에 작은 기대를 더해요
把值得留意的預約禮遇，放在一起。	예약 혜택을 한곳에서 확인해 보세요.
規劃中	기획 중
尚未開放	준비 중
在韓國遇見喜歡的，	한국에서 시작한 관리,
回台也有小小期待。	대만에서도 이어지는 기대.
台灣合作店家體驗與禮遇	대만 제휴 매장 체험과 혜택
了解方案準備進度	준비 중인 혜택 보기
預約之前，	예약하기 전에,
先把專屬禮遇看清楚。	나에게 주어지는 혜택을 확인해요.
活動期間、包含內容、使用條件	기간 · 포함 내용 · 이용 조건
看看未來會提供哪些資訊	어떤 정보가 제공되나요?
第一次，也可以從容開始	처음이어도 차근차근 시작해요
把疑問弄清楚，再做決定。	궁금증을 풀고 결정하세요.
第一次赴韓，怎麼開始？	첫 한국 피부과 방문, 어떻게 시작할까요?
第一次赴韓，	첫 한국 피부과 방문,
怎麼開始？	어떻게 시작할까요?
從需求整理，到諮詢與預約。	관심 시술 정리부터 상담과 예약까지.
比較價格前，先看這些。	가격 비교 전에 확인해 보세요.
比較價格前，	가격 비교 전에,
先看這些。	이것부터 확인해요.
產品、用量與費用包含什麼？	제품, 용량, 가격에 포함된 것은?
回台之後，找誰協助？	귀국 후에는 누구에게 연락할까요?
回台之後，	대만에 돌아가서도,
找誰協助？	누구에게 연락할까요?
先了解聯繫方式與服務範圍。	연락 방법과 지원 범위를 미리 알아봐요.
留給心動的選擇	마음에 드는 곳을 담아두세요
整理我的計畫	내 상담 계획 만들기
收藏保存在這台裝置的瀏覽器中，不需登入。	찜한 병원은 이 브라우저에 저장돼요. 로그인은 필요 없어요.
也有清楚的下一步。	다음 단계를 알 수 있도록.
預約前，先確認韓國院所的聯繫方式、	예약 전에 한국 병원의 연락처와
回覆時間與後續就醫安排。	응답 시간, 후속 진료 절차를 확인해요.
了解聯繫流程	연락 절차 알아보기
韓國院所聯繫	한국 병원 연락
正式預約前將確認院所聯絡窗口與服務時間。醫療判斷與處置由醫師負責；本體驗版尚未提供實際醫療支援。	실제 예약 전에 병원 연락 창구와 운영 시간을 확인할 예정이에요. 진료 판단과 처치는 의사가 담당하며 검토판에서는 실제 의료 지원을 제공하지 않아요.
台灣在地合作	대만 현지 제휴
合作方案規劃中。院所、服務內容、適用条件與費用確認後才會公開。皮膚管理體驗不取代醫療診治。	제휴안을 준비 중이에요. 제휴처, 내용, 조건, 비용을 확인한 뒤 공개할 예정이며 피부관리 체험은 의료 진료를 대신하지 않아요.
預約專屬禮遇	예약 고객 혜택
目前沒有已啟用的體驗券或折扣。未來將清楚列出合作店家、有效期限、適用條件與額外費用。	현재 발급되는 체험권이나 할인은 없어요. 제휴처, 유효기간, 이용 조건, 추가 비용을 정리해 공개할 예정이에요.
把喜歡的，變成計畫	마음에 든 곳, 상담 계획으로
選好想了解的院所和日期，	궁금한 병원과 방문 날짜를 고르고,
把問題一起帶進諮詢。	질문을 모아 상담을 준비해요.
再看看其他院所	다른 병원도 둘러보기
想諮詢的院所	상담하고 싶은 병원
請選擇院所	병원을 선택해 주세요
預計赴韓日期	한국 방문 예정일
想先了解	아직 고민 중
這裡只整理諮詢內容，不會送出或成立預約。請勿輸入病歷、照片或其他敏感資料。	상담 내용을 정리하는 기능이에요. 실제 전송·예약은 되지 않으며 병력이나 사진 등 민감한 정보는 입력하지 마세요.
整理諮詢內容	상담 내용 정리하기
在妳的步調裡，遇見新的自己。	나의 속도로 만나는 새로운 나.
代表	대표
事業者登錄號	사업자등록번호
隱私與資料使用	개인정보와 저장 안내
體驗版：院所、價格、服務皆為示例；人物與室內圖片為 AI 生成，非實際病患或合作院所。	검토판: 병원·가격·서비스는 예시입니다. 인물과 실내 사진은 AI 생성 이미지이며 실제 환자나 제휴 병원이 아닙니다.
快捷導覽	빠른 메뉴
開始比較	비교 시작
關閉視窗	창 닫기
範例院所	예시 병원
預約中文協助（示例）	예약 중국어 지원 (예시)
現場口譯須預約（示例）	현장 통역 사전 예약 (예시)
中文服務時段需確認（示例）	중국어 지원 시간 확인 필요 (예시)
約 60 分鐘（示例）	약 60분 (예시)
基礎清潔與保濕管理一次；稅額包含（示例）	기초 클렌징·보습관리 1회, 세금 포함 (예시)
其他項目另行報價；需先確認（示例）	추가 항목은 별도 견적, 사전 확인 필요 (예시)
口譯費用是否另計需確認（示例）	통역비 별도 여부 확인 필요 (예시)
院所中文聯絡窗口，服務時間待確認	병원 중국어 연락 창구, 운영 시간 확인 예정
院所聯絡窗口，語言與服務時間待確認	병원 연락 창구, 언어·운영 시간 확인 예정
院所聯絡窗口，回覆時間待確認	병원 연락 창구, 응답 시간 확인 예정
此瀏覽器無法儲存資料；本次仍可繼續使用。	이 브라우저에 저장할 수 없지만 현재 화면은 계속 이용할 수 있어요.
AI 生成的院所空間示意，非實際院所	AI 생성 병원 공간 예시, 실제 병원이 아니에요
示意圖片	예시 이미지
取消收藏	찜 해제
查看詳情	자세히 보기
詳細資料	상세 정보
加入比較	비교 담기
保濕管理示例	보습관리 예시
暫時沒有符合的示例院所。	조건에 맞는 예시 병원이 없어요.
找到 	검색 결과 
 間示例院所	개 예시 병원
遇見喜歡的院所，按下 ♡ 收藏。	마음에 드는 병원의 ♡를 눌러 담아두세요.
開始探索	병원 둘러보기
可以先收藏，也可以直接在右側選擇示例院所。	찜한 병원을 선택하거나 상담 양식에서 바로 고를 수 있어요.
已選 	선택 
 間	곳
再選 1 間	1곳 더 선택
比較院所	병원 비교
以下為功能體驗用的虛構示例，非實際合作院所或醫療報價。	기능 확인용 예시이며 실제 제휴 병원이나 견적이 아닙니다.
AI 生成院所示意圖	AI 생성 병원 이미지
基礎清潔與保濕管理一次（非侵入式示例）	기초 클렌징·보습관리 1회 (비침습 관리 예시)
示例總額（韓元）	예시 총액 (원)
，非正式報價	 · 실제 견적 아님
參考時間	예상 소요 시간
包含項目	포함 항목
可能額外費用	추가 가능 비용
醫師、設備與產品	의사·장비·제품
正式上線前需取得並核實院所資料	정식 공개 전에 병원 자료를 확인할 예정
回台後聯繫	귀국 후 연락
預約前需要確認	예약 전 확인할 내용
療程適合性由醫師評估。正式報價、取消退款條件、風險與術後安排，應在預約前向院所確認。台灣合作禮遇尚未啟用。	시술 적합성은 의사가 판단합니다. 예약 전에 병원에 견적, 취소·환불 조건, 위험과 사후관리 일정을 확인하세요. 대만 제휴 혜택은 준비 중입니다.
加入諮詢計畫	상담 계획에 담기
已收藏	찜 완료
收藏院所	병원 찜하기
相同比較項目	동일 비교 항목
基礎清潔與保濕管理一次	기초 클렌징·보습관리 1회
示例費用	예시 비용
設備、產品、醫師	장비·제품·의사
尚待實際院所資料確認	실제 병원 자료 확인 예정
取消與退款	취소·환불
尚待實際院所條款確認	실제 병원 약관 확인 예정
一起看，清楚比較	나란히 놓고 비교해 보세요
同一示例項目的比較。價格與服務皆為虛構；其他療程不可直接以此價格比較。	동일한 예시 관리 항목을 비교합니다. 가격과 서비스는 가상 데이터이며 다른 시술 가격과 직접 비교할 수 없습니다.
院所比較表，可左右捲動	병원 비교표, 좌우로 넘길 수 있어요
比較項目	비교 항목
下一步	다음 단계
手機可左右滑動表格。正式預約需經院所確認。	휴대폰에서는 표를 옆으로 넘길 수 있어요. 실제 예약은 병원 확인이 필요합니다.
整理想了解的項目、預算與赴韓日期。	관심 시술, 예산, 한국 방문 일정을 정리해요.
比較院所的醫師、項目條件、中文服務和完整費用。	의사, 시술 조건, 중국어 지원과 전체 비용을 비교해요.
與院所確認諮詢安排，由醫師評估療程適合性。	상담 일정을 확인하고 의사에게 적합성 평가를 받아요.
確認取消退款條件、行程限制與後續聯繫，再決定預約。	취소·환불 조건, 여행 일정 제한, 이후 연락 방법을 확인하고 예약을 결정해요.
不要僅依照網路照片或價格決定療程。這份指南是預約準備資訊，不是醫療建議。	사진이나 가격만으로 시술을 결정하지 마세요. 이 가이드는 예약 준비를 위한 정보입니다.
項目名稱相同，產品、設備、用量與施作範圍也相同嗎？	이름이 같아도 제품, 장비, 용량, 시술 범위가 같은가요?
費用是否包含稅額、麻醉、診察及口譯？	세금, 마취, 진료, 통역 비용이 포함되나요?
需要幾次療程？有沒有後續就診費用？	몇 회가 필요하며 후속 진료 비용이 있나요?
實際結算幣別是什麼？匯率及支付費用如何計算？	결제 통화와 환율, 결제 수수료는 어떻게 계산하나요?
把交通、住宿及可能的回診成本也納入預算。	교통, 숙박, 추가 방문 비용도 예산에 포함해요.
本體驗版以韓元顯示虛構示例，尚未提供實際報價。	검토판의 원화 금액은 예시이며 실제 견적이 아닙니다.
赴韓前確認院所的術後聯繫窗口與服務時間。	한국 방문 전에 병원 사후관리 연락처와 운영 시간을 확인해요.
離院時取得院所提供的照護說明和必要就診資料。	병원을 나서기 전에 관리 안내와 필요한 진료 자료를 받아요.
回台後依院所指示聯繫；需要醫療處置時由合格醫療機構評估。	귀국 후 병원 안내에 따라 연락하고, 처치가 필요하면 의료기관에서 평가받아요.
如有緊急或嚴重不適，請立即尋求當地醫療協助，不要等待線上客服。	응급 상황이나 심한 이상이 있으면 온라인 답변을 기다리지 말고 현지 의료기관에 도움을 요청하세요.
台灣合作方案	대만 제휴 프로그램
目前仍在規劃，沒有已啟用的診療承諾、管理券或折扣。現地診療與非醫療皮膚管理服務會分別列明費用和範圍。	아직 기획 단계로 진료 보장, 관리권, 할인은 제공되지 않습니다. 현지 진료와 비의료 피부관리는 각각 범위와 비용을 안내할 예정입니다.
本體驗版只在目前瀏覽器儲存收藏、所選院所、項目及訪韓日期，未建立帳號，也不會把預約或醫療資料傳送到伺服器。清除網站資料將移除這些本機紀錄。	검토판은 찜, 선택 병원, 관심 항목, 방문 날짜를 현재 브라우저에만 저장합니다. 계정 생성이나 서버 전송은 없으며 사이트 데이터를 지우면 기록이 삭제됩니다.
複製的諮詢內容由妳自行決定是否分享。請勿透過本體驗版提交病歷或醫療照片。正式上線前會提供對應的個資告知與服務條款。	복사한 상담 내용은 직접 공유 여부를 결정할 수 있습니다. 병력이나 의료 사진은 제출하지 마세요. 정식 공개 전에 개인정보 안내와 이용약관을 제공할 예정입니다.
清除本機收藏與計畫	이 브라우저의 찜과 계획 지우기
下一份小小期待，準備中。	작은 기대를 준비하고 있어요.
台灣店家體驗與預約禮遇仍在規劃，目前沒有可領取的優惠券，也沒有已啟用的折扣。	대만 매장 체험과 예약 혜택은 준비 중이며 지금 받을 수 있는 쿠폰이나 할인은 없습니다.
正式方案會說清楚	공개할 때 자세히 알려드려요
合作店家與可使用的地點	제휴 매장과 이용 가능한 장소
實際提供的內容及是否需另付費	제공 내용과 별도 비용 여부
適用資格、有效日期與預約方式	이용 대상, 유효기간, 예약 방법
變更、取消與使用限制	변경·취소와 이용 제한
皮膚管理體驗和醫療後續診療將分別說明。預約前可以先整理妳想詢問的事項。	피부관리 체험과 의료 후속 진료를 구분해 안내할 예정입니다. 예약 전에 궁금한 점을 정리해 보세요.
已加入諮詢計畫	상담 계획에 담았어요
已加入收藏	찜 목록에 담았어요
已取消收藏	찜을 해제했어요
已清除本機收藏與計畫	이 브라우저의 찜과 계획을 지웠어요
體驗版・未送出預約	검토판 · 예약 미전송
想了解的示例院所	관심 예시 병원
想確認：正式費用與包含項目、中文服務、取消條件、術後聯繫。	확인할 내용: 실제 비용과 포함 항목, 중국어 지원, 취소 조건, 사후관리 연락.
以上為諮詢準備，非正式預約。	상담 준비용이며 실제 예약이 아닙니다.
諮詢內容，整理好了。	상담 내용을 정리했어요
先複製這份內容。正式 LINE 帳號接入後，可由妳自行開啟並傳送。	내용을 복사해 두세요. 공식 LINE 연결 후 직접 열어 전송할 수 있게 됩니다.
目前 LINE 帳號尚未接入。沒有資料送出，也沒有成立預約。	아직 LINE 계정이 연결되지 않았어요. 전송되거나 예약된 내역은 없습니다.
複製諮詢內容	상담 내용 복사
開啟官方 LINE	공식 LINE 열기
已複製，可貼至諮詢對話	복사했어요. 상담 대화에 붙여넣을 수 있어요
請複製已選取的諮詢內容	선택된 상담 내용을 복사해 주세요
諮詢內容	상담 내용
從清潔、保濕到日常照護，先了解院所提供哪些內容。	클렌징부터 보습과 일상 관리까지, 병원에서 어떤 내용을 제공하는지 알아보세요.
包含哪些步驟、產品與費用？	어떤 단계와 제품이 포함되고 비용은 얼마인가요?
敏感肌需要先確認什麼？	민감한 피부라면 무엇을 먼저 확인해야 하나요?
當天的行程與日常保養要注意什麼？	당일 일정과 평소 관리에서 주의할 점은 무엇인가요?
毛孔與膚質的困擾各有不同，先和醫師釐清想改善的問題。	모공과 피부결 고민은 각기 달라요. 의사와 개선하고 싶은 부분을 먼저 이야기해 보세요.
院所會如何評估我的膚況？	병원에서는 피부 상태를 어떻게 평가하나요?
建議的療程、次數與完整費用？	권장 시술, 횟수와 전체 비용은 어떻게 되나요?
恢復期與後續照護如何安排？	회복 기간과 후속 관리는 어떻게 계획하나요?
想了解皮秒雷射？可以先整理問題，向醫師確認適合性與選擇。	피코레이저가 궁금하다면 질문부터 정리하고 의사에게 적합성과 선택지를 확인해 보세요.
我的斑點類型適合什麼方式？	제 잡티 유형에는 어떤 방법이 적합한가요?
使用的設備、範圍與完整費用？	사용 장비, 시술 범위와 전체 비용은 어떻게 되나요?
風險、恢復期與回台後聯繫？	위험, 회복 기간과 귀국 후 연락 방법은 무엇인가요?
不同設備與方式的適用情況不同，從想了解的輪廓問題開始諮詢。	장비와 방식에 따라 적합한 상황이 달라요. 궁금한 윤곽 고민부터 상담해 보세요.
醫師會如何評估適合的方式？	의사는 어떤 기준으로 적합한 방식을 판단하나요?
設備、施作範圍與完整費用？	장비, 시술 범위와 전체 비용은 어떻게 되나요?
風險與術後照護需要確認什麼？	위험과 사후관리에서 무엇을 확인해야 하나요?
還沒決定療程也沒關係，先比較院所、溝通方式與諮詢安排。	시술을 정하지 못했어도 괜찮아요. 병원과 소통 방식, 상담 절차부터 비교해 보세요.
有中文諮詢或口譯服務嗎？	중국어 상담이나 통역 서비스가 있나요?
初次諮詢的費用與流程？	첫 상담 비용과 절차는 어떻게 되나요?
諮詢後可以再決定是否預約嗎？	상담을 받고 예약 여부를 결정해도 되나요?
諮詢時，可以這樣問	상담할 때 이렇게 물어보세요
圖片為氛圍示意；實際療程需經醫師評估。	사진은 분위기 예시이며 실제 시술은 의사 평가가 필요합니다.
看看相關院所	관련 병원 살펴보기
保濕管理	보습관리
毛孔	모공
斑點	잡티
緊緻	탄력
江南	강남
弘大	홍대
新沙	신사
地區	지역
中文服務	중국어 지원
搜尋	검색
收藏	찜
探索	탐색
清除	지우기
查看	보기
選擇	선택
