分類,細分類,項目,劑量／次數,含稅韓元,條件,原價目頁碼
拉提,Shurink Universe,Shurink Universe,300發,108900,,1
拉提,Shurink Universe,Shurink Universe,600發,198000,,1
拉提,Shurink Universe,Shurink Universe 300發 + Aurora 安瓶,單項,130900,,1
拉提,Shurink Universe,Shurink 眼周,100發,55000,,1
拉提,Shurink Universe,Booster,100發,55000,,1
拉提,Shurink Universe,Shurink Universe 300發 + Volnewmer,300發,385000,,1
拉提,Shurink Universe,Aurora 安瓶加購,單項,22000,,1
拉提,InMode,InMode FX,4分鐘,86900,,1
拉提,InMode,InMode FX,8分鐘,130900,,1
拉提,InMode,InMode Forma,5KJ,86900,,1
拉提,InMode,InMode Forma,10KJ,130900,,1
拉提,InMode,InMode FX 4分鐘 + Forma,5KJ,130900,不可調整時間分配比例,1
拉提,Titanium,Titanium,40KJ,649000,,2
拉提,Titanium,Titanium,80KJ,1089000,,2
拉提,Titanium,Aurora 安瓶加購,單項,22000,,2
拉提,Titanium,Titanium 20KJ (原價/加購),單項,330000,,2
拉提,Ultherapy PRIME,Ultherapy PRIME,300發,1089000,,2
拉提,Ultherapy PRIME,Ultherapy PRIME,500發,1804000,,2
拉提,Ultherapy PRIME,Ultherapy PRIME,600發,2145000,,2
拉提,Ultherapy PRIME,眼周 Ultherapy PRIME,100發,660000,,2
拉提,Ultherapy PRIME,眼周 Ultherapy PRIME,200發,1089000,,2
拉提,ONDA,ONDA 7萬 J,單項,605000,,3
拉提,ONDA,ONDA 3萬 J 加購,單項,165000,,3
拉提,ONDA,ONDA 1萬 J 加購 (原價),單項,99000,,3
拉提,POTENZA,DDR 拉提,500發,220000,,3
拉提,POTENZA,DDR 拉提,1000發,385000,,3
拉提,POTENZA,DIA 拉提,500發,330000,,3
拉提,POTENZA,DIA 拉提 1000發 (可當面拆封),單項,594000,,3
拉提,POTENZA,DDR 拉提 500發 + DIA 拉提,500發,495000,,3
拉提,Thermage,Thermage,600發,2079000,,4
拉提,Thermage,(i)Thermage,225發,1089000,,4
拉提,Volnewmer,Volnewmeri 專用,100發,220000,無法當面拆封,4
拉提,Volnewmer,Volnewmeri 專用,300發,363000,無法當面拆封,4
拉提,Volnewmer,Volnewmer 100發 [體驗價],單項,110000,無法當面拆封,4
拉提,Volnewmer,Volnewmer,300發,319000,無法當面拆封,4
拉提,Volnewmer,Volnewmer,600發,550000,無法當面拆封,4
肉毒,咀嚼肌肉毒,韓國製,50U,20900,,5
肉毒,咀嚼肌肉毒,韓國製,100U,39600,,5
肉毒,咀嚼肌肉毒,Coretox,50U,53900,,5
肉毒,咀嚼肌肉毒,Coretox,100U,88000,,5
肉毒,咀嚼肌肉毒,Xeomin,50U,108900,,5
肉毒,咀嚼肌肉毒,Xeomin,100U,209000,,5
肉毒,咀嚼肌肉毒,Allergan,50U,220000,,5
肉毒,咀嚼肌肉毒,Allergan,100U,429000,,5
肉毒,皺紋肉毒,韓國製,1部位,16500,額頭/眉間/眼周/眼下/鼻樑/鼻翼/嘴角/下巴皺褶,5
肉毒,皺紋肉毒,韓國製,3部位,42900,額頭/眉間/眼周/眼下/鼻樑/鼻翼/嘴角/下巴皺褶,5
肉毒,皺紋肉毒,韓國製進階款,1部位,33000,額頭/眉間/眼周/眼下/鼻樑/鼻翼/嘴角/下巴皺褶,5
肉毒,皺紋肉毒,韓國製進階款,3部位,86900,額頭/眉間/眼周/眼下/鼻樑/鼻翼/嘴角/下巴皺褶,5
肉毒,皺紋肉毒,Xeomin,1部位,53900,額頭/眉間/眼周/眼下/鼻樑/鼻翼/嘴角/下巴皺褶,5
肉毒,皺紋肉毒,Xeomin,3部位,130900,額頭/眉間/眼周/眼下/鼻樑/鼻翼/嘴角/下巴皺褶,5
肉毒,皺紋肉毒,Allergan,1部位,88000,額頭/眉間/眼周/眼下/鼻樑/鼻翼/嘴角/下巴皺褶,5
肉毒,皺紋肉毒,Allergan,3部位,209000,額頭/眉間/眼周/眼下/鼻樑/鼻翼/嘴角/下巴皺褶,5
肉毒,全臉皺紋肉毒,韓國製 全臉皺紋肉毒,單項,82500,額頭/眉間/眼周/眼下/鼻樑/鼻翼/嘴角/下巴皺褶,6
肉毒,全臉皺紋肉毒,韓國製進階款 全臉皺紋肉毒,單項,165000,額頭/眉間/眼周/眼下/鼻樑/鼻翼/嘴角/下巴皺褶,6
肉毒,全臉皺紋肉毒,Xeomin 全臉皺紋肉毒,單項,275000,額頭/眉間/眼周/眼下/鼻樑/鼻翼/嘴角/下巴皺褶,6
肉毒,全臉皺紋肉毒,Allergan 全臉皺紋肉毒,單項,330000,額頭/眉間/眼周/眼下/鼻樑/鼻翼/嘴角/下巴皺褶,6
肉毒,Skin Botox,韓國製,1部位,27500,額頭(含太陽穴)/鼻翼兩側毛孔/下顎線,7
肉毒,Skin Botox,韓國製,全臉,77000,額頭(含太陽穴)/鼻翼兩側毛孔/下顎線,7
肉毒,Skin Botox,韓國製進階款,1部位,33000,額頭(含太陽穴)/鼻翼兩側毛孔/下顎線,7
肉毒,Skin Botox,韓國製進階款,全臉,88000,額頭(含太陽穴)/鼻翼兩側毛孔/下顎線,7
肉毒,Skin Botox,Xeomin,1部位,42900,額頭(含太陽穴)/鼻翼兩側毛孔/下顎線,7
肉毒,Skin Botox,Xeomin,全臉,121000,額頭(含太陽穴)/鼻翼兩側毛孔/下顎線,7
肉毒,Skin Botox,Allergan,1部位,108900,額頭(含太陽穴)/鼻翼兩側毛孔/下顎線,7
肉毒,Skin Botox,Allergan,全臉,308000,額頭(含太陽穴)/鼻翼兩側毛孔/下顎線,7
肉毒,頸部 Skin Botox,頸部 Skin Botox / 韓國製,單項,88000,,7
肉毒,頸部 Skin Botox,頸部 Skin Botox / Coretox,單項,110000,,7
肉毒,頸部 Skin Botox,頸部 Skin Botox / Xeomin,單項,176000,,7
肉毒,頸部 Skin Botox,頸部 Skin Botox / Allergan,單項,308000,,7
肉毒,Nefertiti Skin Botox,Nefertiti Skin Botox / 韓國製,單項,176000,,7
肉毒,Nefertiti Skin Botox,Nefertiti Skin Botox / Coretox,單項,220000,,7
肉毒,Nefertiti Skin Botox,Nefertiti Skin Botox / Xeomin,單項,352000,,7
肉毒,Nefertiti Skin Botox,Nefertiti Skin Botox / Allergan,單項,616000,,8
肉毒,唾液腺（耳下、下顎下）、顳肌,韓國製,50U,53900,,8
肉毒,唾液腺（耳下、下顎下）、顳肌,韓國製,100U,85800,,8
肉毒,唾液腺（耳下、下顎下）、顳肌,Coretox,50U,97900,,8
肉毒,唾液腺（耳下、下顎下）、顳肌,Coretox,100U,171600,,8
肉毒,唾液腺（耳下、下顎下）、顳肌,Xeomin,50U,152900,,8
肉毒,唾液腺（耳下、下顎下）、顳肌,Xeomin,100U,240900,,8
肉毒,唾液腺（耳下、下顎下）、顳肌,Allergan,50U,264000,,8
肉毒,唾液腺（耳下、下顎下）、顳肌,Allergan,100U,484000,,8
肉毒,特殊部位肉毒,韓國製,單項,77000,露齦笑／裙狀皺紋（치마주름，部位請先確認）,8
肉毒,特殊部位肉毒,Coretox,單項,132000,露齦笑／裙狀皺紋（치마주름，部位請先確認）,8
肉毒,特殊部位肉毒,Xeomin,單項,165000,露齦笑／裙狀皺紋（치마주름，部位請先確認）,8
肉毒,特殊部位肉毒,Allergan,單項,209000,露齦笑／裙狀皺紋（치마주름，部位請先確認）,8
肉毒,全臉抗老肉毒,韓國製,單項,143000,額頭/眉間/眼周/眼下/鼻樑/下巴皺褶/額頭 Skin Botox/鼻翼兩側 Skin Botox/下顎線 Skin Botox,9
肉毒,全臉抗老肉毒,Coretox,單項,231000,額頭/眉間/眼周/眼下/鼻樑/下巴皺褶/額頭 Skin Botox/鼻翼兩側 Skin Botox/下顎線 Skin Botox,9
肉毒,全臉抗老肉毒,Xeomin,單項,363000,額頭/眉間/眼周/眼下/鼻樑/下巴皺褶/額頭 Skin Botox/鼻翼兩側 Skin Botox/下顎線 Skin Botox,9
肉毒,全臉抗老肉毒,Allergan,單項,594000,額頭/眉間/眼周/眼下/鼻樑/下巴皺褶/額頭 Skin Botox/鼻翼兩側 Skin Botox/下顎線 Skin Botox,9
肉毒,身體肉毒,韓國製,100U,53900,斜方肌/小腿/大腿,9
肉毒,身體肉毒,韓國製,200U,97900,斜方肌/小腿/大腿,9
肉毒,身體肉毒,韓國製,300U,141900,斜方肌/小腿/大腿,9
肉毒,身體肉毒,Coretox,100U,141900,斜方肌/小腿/大腿,9
肉毒,身體肉毒,Coretox,200U,251900,斜方肌/小腿/大腿,9
肉毒,身體肉毒,Coretox,300U,328900,斜方肌/小腿/大腿,9
肉毒,身體肉毒,Xeomin,100U,251900,斜方肌/小腿/大腿,9
肉毒,身體肉毒,Xeomin,200U,438900,斜方肌/小腿/大腿,9
肉毒,身體肉毒,Xeomin,300U,581900,斜方肌/小腿/大腿,9
肉毒,身體肉毒,Allergan,100U,451000,斜方肌/小腿/大腿,9
肉毒,身體肉毒,Allergan,200U,878900,斜方肌/小腿/大腿,9
肉毒,身體肉毒,Allergan,300U,1208900,斜方肌/小腿/大腿,9
肉毒,多汗症肉毒,韓國製,50U,75900,腋下/手掌/腳掌,10
肉毒,多汗症肉毒,韓國製,100U,141900,腋下/手掌/腳掌,10
肉毒,多汗症肉毒,韓國製,200U,319000,腋下/手掌/腳掌,10
肉毒,多汗症肉毒,Coretox,50U,141900,腋下/手掌/腳掌,10
肉毒,多汗症肉毒,Coretox,100U,273900,腋下/手掌/腳掌,10
肉毒,多汗症肉毒,Coretox,200U,429000,腋下/手掌/腳掌,10
肉毒,多汗症肉毒,Xeomin,50U,187000,腋下/手掌/腳掌,10
肉毒,多汗症肉毒,Xeomin,100U,352000,腋下/手掌/腳掌,10
肉毒,多汗症肉毒,Xeomin,200U,638000,腋下/手掌/腳掌,10
肉毒,多汗症肉毒,Allergan,50U,231000,腋下/手掌/腳掌,10
肉毒,多汗症肉毒,Allergan,100U,451000,腋下/手掌/腳掌,10
肉毒,多汗症肉毒,Allergan,200U,869000,腋下/手掌/腳掌,10
填充注射,韓國製填充注射 1cc (아띠에르),精靈耳,單項,220000,,11
填充注射,韓國製填充注射 1cc (아띠에르),額頭/前顴骨/法令紋/側頰/前頰/下巴,單項,220000,,11
填充注射,韓國製填充注射 1cc (아띠에르),太陽穴/木偶紋/下顎線,單項,220000,,11
填充注射,韓國製填充注射 1cc (아띠에르),頸紋,單項,275000,,11
填充注射,韓國製填充注射 1cc (아띠에르),上眼皮/眉峰,單項,330000,,11
填充注射,韓國製填充注射 1cc (아띠에르),眼下/臥蠶,單項,330000,,11
填充注射,韓國製填充注射 1cc (아띠에르),唇部,單項,330000,,11
填充注射,進口填充注射 1cc,精靈耳,單項,440000,Juvederm、Restylane、Belotero,12
填充注射,進口填充注射 1cc,額頭/前顴骨/法令紋/側頰/前頰/下巴,單項,440000,Juvederm、Restylane、Belotero,12
填充注射,進口填充注射 1cc,太陽穴/木偶紋/下顎線,單項,440000,Juvederm、Restylane、Belotero,12
填充注射,進口填充注射 1cc,頸紋,單項,495000,Juvederm、Restylane、Belotero,12
填充注射,進口填充注射 1cc,上眼皮/眉峰,單項,550000,Juvederm、Restylane、Belotero,12
填充注射,進口填充注射 1cc,眼下/臥蠶,單項,550000,Juvederm、Restylane、Belotero,12
填充注射,進口填充注射 1cc,唇部,單項,550000,Juvederm、Restylane、Belotero,12
填充注射,肩部填充注射,Chaeum,10cc,1100000,當面拆封,13
填充注射,肩部填充注射,Chaeum,20cc,2200000,當面拆封,13
填充注射,肩部填充注射,Chaeum,30cc,3300000,當面拆封,13
填充注射,肩部填充注射,Chaeum,40cc,4400000,當面拆封,13
填充注射,肩部填充注射,E.P.T.Q.,21cc,1320000,當面拆封,13
填充注射,肩部填充注射,E.P.T.Q.42cc(不限量（依原價目條件確認）),單項,1980000,當面拆封,13
填充注射,玻尿酸降解酶,本院施作（個人意願變更）,單項,55000,,13
填充注射,玻尿酸降解酶,他院施作,單項,220000,,13
肌膚保養注射,肌膚保養注射,Rejuran Healer 麗珠蘭,2cc,207900,原價目註明無法當面拆封。,14
肌膚保養注射,肌膚保養注射,Rejuran Eye,1cc,108900,原價目註明無法當面拆封。,14
肌膚保養注射,肌膚保養注射,Rejuran HB PLUS,1cc,174900,原價目註明無法當面拆封。,14
肌膚保養注射,肌膚保養注射,Rejuran S,1cc,174900,原價目註明無法當面拆封。,14
肌膚保養注射,肌膚保養注射,Lipjuran（唇部專用）,1cc,231000,原價目註明無法當面拆封。,14
肌膚保養注射,Juvelook Skin 喬雅露,Juvelook Skin 喬雅露,1cc,55000,原價目註明無法當面拆封。,14
肌膚保養注射,Juvelook Skin 喬雅露,Juvelook Skin 喬雅露 1vial (10cc),單項,550000,原價目註明無法當面拆封：需提前一天水合，可按 2cc 分配。,14
肌膚保養注射,Juvelook Eye,Juvelook Eye,1cc,152900,原價目註明無法當面拆封。,15
肌膚保養注射,Juvelook Eye,Juvelook Eye 1vial (4cc),單項,605000,原價目註明無法當面拆封：需提前一天水合。,15
肌膚保養注射,Juvelook Volume,Juvelook Volume,1cc,88000,原價目註明無法當面拆封。,15
肌膚保養注射,Juvelook Volume,Juvelook Volume 1vial (8cc),單項,704000,原價目註明無法當面拆封：需提前一天水合。,15
肌膚保養注射,Ultracol,Ultracol 100,1cc,55000,原價目註明無法當面拆封。,16
肌膚保養注射,Ultracol,Ultracol 100,4cc,220000,原價目註明無法當面拆封。,16
肌膚保養注射,Ultracol,Ultracol 200,1cc,88000,原價目註明無法當面拆封。,16
肌膚保養注射,Ultracol,Ultracol 200,4cc,352000,原價目註明無法當面拆封。,16
肌膚保養注射,Ultracol,Ultracol 200,8cc,704000,原價目註明無法當面拆封。,16
肌膚保養注射,LIZNE,LIZNE 1cc (手打注射),單項,66000,原價目註明無法當面拆封。,17
肌膚保養注射,LIZNE,LIZNE 1cc(MTS),單項,66000,原價目註明無法當面拆封。,17
肌膚保養注射,Skinvive,Skinvive,1cc,275000,原價目註明無法當面拆封。,17
肌膚保養注射,Skinvive,Skinvive,4cc,979000,原價目註明無法當面拆封。,17
肌膚保養注射,肌膚保養注射,水光注射（LILLYID M）,1cc,22000,原價目註明無法當面拆封。,17
肌膚保養注射,肌膚保養注射,水光注射（LILLYID M）,5cc,110000,原價目註明無法當面拆封。,17
肌膚保養注射,肌膚保養注射,PDRN 注射,3cc,66000,原價目註明無法當面拆封。,17
肌膚保養注射,肌膚保養注射,PDRN＋水光注射,5.5cc,108900,原價目註明無法當面拆封。,17
毛孔・疤痕,飛梭,皮秒飛梭 全臉,1次,86900,,18
毛孔・疤痕,飛梭,皮秒飛梭 全臉,3次,220000,,18
毛孔・疤痕,飛梭,皮秒飛梭 全臉,5次,319000,,18
毛孔・疤痕,Legato II,Legato II 全臉,1次,141900,,18
毛孔・疤痕,Legato II,Legato II 全臉,3次,383900,,18
毛孔・疤痕,Legato II,Legato II 全臉,5次,493900,,18
毛孔・疤痕,POTENZA,POTENZA Multi-tip（痘痘、毛孔等）全臉,1次,141900,,19
毛孔・疤痕,POTENZA,POTENZA Multi-tip（痘痘、毛孔等）全臉,3次,383900,,19
毛孔・疤痕,POTENZA,POTENZA Multi-tip（痘痘、毛孔等）全臉,5次,493900,,19
毛孔・疤痕,POTENZA,POTENZA Agnes（含探頭費）全臉,1次,440000,,19
毛孔・疤痕,POTENZA,POTENZA Agnes（含探頭費；臉頰／下顎線／額頭／鼻子／眼周）,1部位,220000,,19
毛孔・疤痕,POTENZA,POTENZA Agnes：皮脂腺增生／汗管瘤，每處病灶（探頭費另計）,單項,22000,"探頭費另計 30,000 韓元未稅（含稅 33,000 韓元）",19
毛孔・疤痕,POTENZA,Agnes 皮脂腺增生／汗管瘤探頭費,加購費用,33000,與每處病灶的療程費分開計算,19
毛孔・疤痕,POTENZA 加購項目,LIZNE 1次,2cc,132000,僅於 POTENZA 療程加購的肌膚保養注射,20
毛孔・疤痕,POTENZA 加購項目,LIZNE 3次,2cc,379500,僅於 POTENZA 療程加購的肌膚保養注射,20
毛孔・疤痕,POTENZA 加購項目,LIZNE 5次,2cc,550000,僅於 POTENZA 療程加購的肌膚保養注射,20
毛孔・疤痕,POTENZA 加購項目,水光注射（LILLYID M） 1次,2.5cc,66000,僅於 POTENZA 療程加購的肌膚保養注射,20
毛孔・疤痕,POTENZA 加購項目,水光注射（LILLYID M） 3次,2.5cc,187000,僅於 POTENZA 療程加購的肌膚保養注射,20
毛孔・疤痕,POTENZA 加購項目,水光注射（LILLYID M） 5次,2.5cc,275000,僅於 POTENZA 療程加購的肌膚保養注射,20
毛孔・疤痕,POTENZA 加購項目,PDRN 注射 1次,3cc,66000,僅於 POTENZA 療程加購的肌膚保養注射,20
毛孔・疤痕,POTENZA 加購項目,PDRN 注射 3次,3cc,187000,僅於 POTENZA 療程加購的肌膚保養注射,20
毛孔・疤痕,POTENZA 加購項目,PDRN 注射 5次,3cc,275000,僅於 POTENZA 療程加購的肌膚保養注射,20
毛孔・疤痕,POTENZA 加購項目,PDRN＋水光注射 1次,5.5cc,108900,僅於 POTENZA 療程加購的肌膚保養注射,20
毛孔・疤痕,POTENZA 加購項目,PDRN＋水光注射 3次,5.5cc,313500,僅於 POTENZA 療程加購的肌膚保養注射,20
毛孔・疤痕,POTENZA 加購項目,PDRN＋水光注射 5次,5.5cc,495000,僅於 POTENZA 療程加購的肌膚保養注射,20
色素管理,PICOHI,皮秒淨膚,1次,64900,,21
色素管理,PICOHI,皮秒淨膚,5次,273900,,21
色素管理,PICOHI,皮秒淨膚,10次,493900,,21
色素管理,PICOHI,皮秒雙重淨膚,1次,108900,,21
色素管理,PICOHI,皮秒雙重淨膚,5次,493900,,21
色素管理,PICOHI,皮秒雙重淨膚,10次,988900,,21
色素管理,PICOHI,黑子去除,5mm 以下,55000,,21
色素管理,PICOHI,黑子去除,5~10mm,110000,,21
色素管理,PICOHI,黑子去除,10~15mm,165000,,21
色素管理,PICOHI,黑子去除,15mm 以上,220000,,21
色素管理,PICOHI,黑子去除,全臉,440000,,21
色素管理,PICOHI,皮秒除刺青（黑色） 500 韓元硬幣大小 2×2,1次,44000,,21
色素管理,PICOHI,皮秒除刺青（黑色） 500 韓元硬幣大小 2×2,5次,165000,,21
色素管理,PICOHI,皮秒除刺青（黑色） 名片大小 9×5,1次,66000,,21
色素管理,PICOHI,皮秒除刺青（黑色） 名片大小 9×5,5次,275000,,21
色素管理,PICOHI,皮秒除刺青（彩色） 500 韓元硬幣大小 2×2,1次,66000,,21
色素管理,PICOHI,皮秒除刺青（彩色） 500 韓元硬幣大小 2×2,5次,275000,,21
色素管理,PICOHI,皮秒除刺青（彩色） 名片大小 9×5,1次,88000,,21
色素管理,PICOHI,皮秒除刺青（彩色） 名片大小 9×5,5次,385000,,21
色素管理,PICOHI,皮秒除半永久眉部紋色（黑色）,1次,66000,,21
色素管理,PICOHI,皮秒除半永久眉部紋色（黑色）,5次,275000,,21
色素管理,PICOHI,皮秒除半永久眉部紋色（彩色）,1次,88000,,21
色素管理,PICOHI,皮秒除半永久眉部紋色（彩色）,5次,385000,,21
色素管理,修復淨膚,500 韓元硬幣大小 2×2,1次,44000,,22
色素管理,修復淨膚,500 韓元硬幣大小 2×2,5次,165000,,22
色素管理,修復淨膚,名片大小 9×5,1次,66000,,22
色素管理,修復淨膚,名片大小 9×5,5次,275000,,22
色素管理,修復注射,PDRN 注射,1cc,22000,,22
色素管理,修復注射,Rejuran Healer 麗珠蘭,2cc,207900,,22
色素管理,修復注射,Rejuran HB PLUS,1cc,174900,,22
色素管理,修復注射,Rejuran S,1cc,174900,,22
色素管理,CO2 或 Er:YAG,痣／粟粒腫／皮贅／疣去除,2mm 以下,11000,,23
色素管理,CO2 或 Er:YAG,痣／粟粒腫／皮贅／疣去除,2~5mm,22000,,23
色素管理,CO2 或 Er:YAG,痣／粟粒腫／皮贅／疣去除,5~10mm,33000,"10mm 以上，每增加 2mm 加收 10,000 韓元未稅（含稅 11,000 韓元）",23
色素管理,CO2 或 Er:YAG,痣／粟粒腫／皮贅／疣去除,10mm 以上,44000,"10mm 以上，每增加 2mm 加收 10,000 韓元未稅（含稅 11,000 韓元）",23
色素管理,CO2 或 Er:YAG,痣／粟粒腫／皮贅／疣去除 全臉(最多 50 處),單項,330000,,23
色素管理,CO2 或 Er:YAG,痣／粟粒腫／皮贅／疣去除 全臉+頸部(最多 80 處),單項,594000,,23
色素管理,CO2 或 Er:YAG,痣／粟粒腫／皮贅／疣去除 尺寸加價,2mm 單位,11000,"原價目： 10mm 以上，每增加 2mm 加收 10,000 韓元未稅（含稅 11,000 韓元）",23
輪廓注射・身體管理,脂肪分解注射,"輪廓注射(雙下巴,深層臉頰,法令紋上方 - 含類固醇)",1次,22000,,24
輪廓注射・身體管理,脂肪分解注射,"輪廓注射(雙下巴,深層臉頰,法令紋上方 - 含類固醇)",3次,64900,,24
輪廓注射・身體管理,脂肪分解注射,"狐狸注射(深層臉頰,雙下巴,法令紋上方 - 不含類固醇)",1次,27500,,24
輪廓注射・身體管理,脂肪分解注射,"狐狸注射(深層臉頰,雙下巴,法令紋上方 - 不含類固醇)",3次,81400,,24
輪廓注射・身體管理,脂肪分解注射,V-OLET,單項,273900,,24
輪廓注射・身體管理,身體脂肪分解注射,身體 輪廓注射(含類固醇) 1部位 /,10cc,110000,,24
輪廓注射・身體管理,身體脂肪分解注射,身體 狐狸注射(不含類固醇) 1部位 /,10cc,137500,,24
輪廓注射・身體管理,身體脂肪分解注射,身體 Slim 注射 1部位 /,10cc,284900,,24
輪廓注射・身體管理,身體 ONDA,身體 ONDA,100KJ,605000,,25
輪廓注射・身體管理,身體 ONDA,身體 ONDA 10kJ 加購,單項,60500,,25
身體淨膚,淨膚,"前頸, 後頸",1次,64900,,26
身體淨膚,淨膚,"前頸, 後頸",10次,550000,,26
身體淨膚,淨膚,頸肩區（全頸、斜方肌、肩線）,1次,141900,,26
身體淨膚,淨膚,頸肩區（全頸、斜方肌、肩線）,10次,1210000,,26
身體淨膚,淨膚,全胸（不含乳暈）,1次,209000,,26
身體淨膚,淨膚,全胸（不含乳暈）,10次,1210000,,26
身體淨膚,淨膚,全腹部,1次,374000,,26
身體淨膚,淨膚,全腹部,10次,3300000,,26
身體淨膚,淨膚,全身,1次,2970000,,26
身體淨膚,淨膚,全身,10次,26290000,,26
身體淨膚,淨膚,手部,1次,59290,,26
身體淨膚,淨膚,手部,10次,550000,,26
身體淨膚,淨膚,腋下,1次,59290,,26
身體淨膚,淨膚,腋下,10次,550000,,26
身體淨膚,淨膚,手肘,1次,59290,,26
身體淨膚,淨膚,手肘,10次,550000,,26
身體淨膚,淨膚,上臂、前臂,1次,163900,,26
身體淨膚,淨膚,上臂、前臂,10次,1430000,,26
身體淨膚,淨膚,全手臂,1次,317900,,26
身體淨膚,淨膚,全手臂,10次,2750000,,26
身體淨膚,淨膚,全背,1次,405900,,26
身體淨膚,淨膚,全背,10次,3740000,,26
身體淨膚,淨膚,大腿,1次,317900,,27
身體淨膚,淨膚,大腿,10次,2739000,,27
身體淨膚,淨膚,膝蓋,1次,59290,,27
身體淨膚,淨膚,膝蓋,10次,550000,,27
身體淨膚,淨膚,小腿,1次,242000,,27
身體淨膚,淨膚,小腿,10次,2090000,,27
身體淨膚,淨膚,腳部,1次,59290,,27
身體淨膚,淨膚,腳部,10次,550000,,27
身體淨膚,淨膚,腳踝,1次,59290,,27
身體淨膚,淨膚,腳踝,10次,550000,,27
身體淨膚,淨膚,乳暈,1次,152900,,27
身體淨膚,淨膚,乳暈,10次,1320000,,27
身體淨膚,淨膚,內衣線,1次,152900,,27
身體淨膚,淨膚,內衣線,10次,1320000,,27
身體淨膚,淨膚,腹部妊娠線,1次,152900,,27
身體淨膚,淨膚,腹部妊娠線,10次,1320000,,27
身體淨膚,淨膚,腹股溝,1次,152900,,28
身體淨膚,淨膚,腹股溝,10次,1320000,,28
身體淨膚,淨膚,臀下,1次,152900,,28
身體淨膚,淨膚,臀下,10次,1320000,,28
身體淨膚,淨膚,會陰,1次,152900,,28
身體淨膚,淨膚,會陰,10次,1430000,,28
身體淨膚,淨膚,肛門,1次,152900,,28
身體淨膚,淨膚,肛門,10次,1430000,,28
身體淨膚,淨膚,會陰+肛門,1次,217800,,28
身體淨膚,淨膚,會陰+肛門,10次,1980000,,28
身體淨膚,淨膚,私密部位,1次,174900,,28
身體淨膚,淨膚,私密部位,10次,1540000,,28
身體淨膚,淨膚,巴西式(私密部位+會陰+肛門),1次,383900,,28
身體淨膚,淨膚,巴西式(私密部位+會陰+肛門),10次,3190000,,28
身體淨膚,雙重淨膚,"前頸, 後頸",1次,121000,,29
身體淨膚,雙重淨膚,"前頸, 後頸",10次,1089000,,29
身體淨膚,雙重淨膚,頸肩區（全頸、斜方肌、肩線）,1次,198000,,29
身體淨膚,雙重淨膚,頸肩區（全頸、斜方肌、肩線）,10次,1738000,,29
身體淨膚,雙重淨膚,全胸（不含乳暈）,1次,198000,,29
身體淨膚,雙重淨膚,全胸（不含乳暈）,10次,1738000,,29
身體淨膚,雙重淨膚,全腹部,1次,594000,,29
身體淨膚,雙重淨膚,全腹部,10次,4829000,,29
身體淨膚,雙重淨膚,全身,1次,4829000,,29
身體淨膚,雙重淨膚,全身,10次,42790000,,29
身體淨膚,雙重淨膚,手部,1次,121000,,29
身體淨膚,雙重淨膚,手部,10次,1089000,,29
身體淨膚,雙重淨膚,腋下,1次,121000,,29
身體淨膚,雙重淨膚,腋下,10次,1089000,,29
身體淨膚,雙重淨膚,手肘,1次,121000,,29
身體淨膚,雙重淨膚,手肘,10次,1089000,,29
身體淨膚,雙重淨膚,上臂、前臂,1次,209000,,29
身體淨膚,雙重淨膚,上臂、前臂,10次,1815000,,29
身體淨膚,雙重淨膚,全手臂,1次,306900,,29
身體淨膚,雙重淨膚,全手臂,10次,2629000,,29
身體淨膚,雙重淨膚,全背,1次,649000,,29
身體淨膚,雙重淨膚,全背,10次,5379000,,29
身體淨膚,雙重淨膚,大腿,1次,482900,,30
身體淨膚,雙重淨膚,大腿,10次,3949000,,30
身體淨膚,雙重淨膚,膝蓋,1次,121000,,30
身體淨膚,雙重淨膚,膝蓋,10次,1089000,,30
身體淨膚,雙重淨膚,小腿,1次,427900,,30
身體淨膚,雙重淨膚,小腿,10次,3619000,,30
身體淨膚,雙重淨膚,腳部,1次,121000,,30
身體淨膚,雙重淨膚,腳部,10次,1089000,,30
身體淨膚,雙重淨膚,腳踝,1次,121000,,30
身體淨膚,雙重淨膚,腳踝,10次,1089000,,30
身體淨膚,雙重淨膚,乳暈,1次,209000,,30
身體淨膚,雙重淨膚,乳暈,10次,1958000,,30
身體淨膚,雙重淨膚,內衣線,1次,209000,,30
身體淨膚,雙重淨膚,內衣線,10次,1958000,,30
身體淨膚,雙重淨膚,腹部妊娠線,1次,209000,,30
身體淨膚,雙重淨膚,腹部妊娠線,10次,1958000,,30
身體淨膚,雙重淨膚,腹股溝,1次,209000,,31
身體淨膚,雙重淨膚,腹股溝,10次,1815000,,31
身體淨膚,雙重淨膚,會陰,1次,198000,,31
身體淨膚,雙重淨膚,會陰,10次,1639000,,31
身體淨膚,雙重淨膚,肛門,1次,198000,,31
身體淨膚,雙重淨膚,肛門,10次,1639000,,31
身體淨膚,雙重淨膚,會陰+肛門,1次,279400,,31
身體淨膚,雙重淨膚,會陰+肛門,10次,2310000,,31
身體淨膚,雙重淨膚,私密部位,1次,262900,,31
身體淨膚,雙重淨膚,私密部位,10次,2145000,,31
身體淨膚,雙重淨膚,巴西式(私密部位+會陰+肛門),1次,484000,,31
身體淨膚,雙重淨膚,巴西式(私密部位+會陰+肛門),10次,4180000,,31
肌膚管理,肌膚管理,保濕鎮定管理,1次,44000,,32
肌膚管理,肌膚管理,保濕鎮定管理,5次,181500,,32
肌膚管理,肌膚管理,維他命亮白管理,1次,44000,,32
肌膚管理,肌膚管理,維他命亮白管理,5次,181500,,32
肌膚管理,肌膚管理,RF 電波管理 (face),1次,44000,,32
肌膚管理,肌膚管理,RF 電波管理 (face),5次,181500,,32
肌膚管理,肌膚管理,RF 電波管理 (body),5次,242000,,32
肌膚管理,肌膚管理,超音波管理 (face),1次,44000,,32
肌膚管理,肌膚管理,超音波管理 (face),5次,181500,,32
肌膚管理,肌膚管理,超音波管理 (body),5次,242000,,32
肌膚管理,肌膚管理,Aqua Peel,1次,44000,,32
肌膚管理,肌膚管理,Aqua Peel,5次,181500,,32
肌膚管理,肌膚管理,Milk Peel 療程,1次,55000,,32
肌膚管理,肌膚管理,Milk Peel 療程,5次,220000,,32
肌膚管理,肌膚管理,LHALA Peel 療程,1次,55000,,32
肌膚管理,肌膚管理,LHALA Peel 療程,5次,220000,,32
肌膚管理,肌膚管理,Black Peel 療程,1次,55000,,32
肌膚管理,肌膚管理,Black Peel 療程,5次,220000,,32
肌膚管理,肌膚管理,CO2 Peel 療程,1次,55000,,33
肌膚管理,肌膚管理,CO2 Peel 療程,5次,220000,,33
肌膚管理,肌膚管理,24K Gold Therapy 療程,1次,77000,,33
肌膚管理,肌膚管理,24K Gold Therapy 療程,5次,308000,,33
肌膚管理,肌膚管理,軟膜,1次,11000,,33
肌膚管理,肌膚管理,軟膜,5次,55000,,33
肌膚管理,肌膚管理,修復 LED＋軟膜,1次,33000,,33
肌膚管理,LDM,LDM 保濕／痘痘／修復／導入／泛紅,1次,75900,,33
肌膚管理,LDM,LDM,3次,218900,,33
肌膚管理,LDM,LDM,5次,330000,,33
肌膚管理,LDM,LDM,10次,539000,,33
肌膚管理,LDM,LDM 水滴拉提,單項,130900,,33
肌膚管理,LDM,進階 LDM 管理,單項,539000,,33
肌膚管理,LDM,RejuDM,單項,990000,,33
除毛,女性除毛,腋下/人中,1次,11000,"由人員剃毛需另加 60,000 韓元（含稅 66,000 韓元），男女相同。",34
除毛,女性除毛,腋下/人中,5次,44000,"由人員剃毛需另加 60,000 韓元（含稅 66,000 韓元），男女相同。",34
除毛,女性除毛,手部/腳部/前下巴(小範圍),1次,33000,"由人員剃毛需另加 60,000 韓元（含稅 66,000 韓元），男女相同。",34
除毛,女性除毛,手部/腳部/前下巴(小範圍),5次,132000,"由人員剃毛需另加 60,000 韓元（含稅 66,000 韓元），男女相同。",34
除毛,女性除毛,"肚臍周圍毛髮, 額頭",1次,33000,"由人員剃毛需另加 60,000 韓元（含稅 66,000 韓元），男女相同。",34
除毛,女性除毛,"肚臍周圍毛髮, 額頭",5次,132000,"由人員剃毛需另加 60,000 韓元（含稅 66,000 韓元），男女相同。",34
除毛,女性除毛,鬢角,1次,33000,"由人員剃毛需另加 60,000 韓元（含稅 66,000 韓元），男女相同。",34
除毛,女性除毛,鬢角,5次,88000,"由人員剃毛需另加 60,000 韓元（含稅 66,000 韓元），男女相同。",34
除毛,女性除毛,"後頸,上臂,前臂",1次,44000,"由人員剃毛需另加 60,000 韓元（含稅 66,000 韓元），男女相同。",34
除毛,女性除毛,"後頸,上臂,前臂",5次,176000,"由人員剃毛需另加 60,000 韓元（含稅 66,000 韓元），男女相同。",34
除毛,女性除毛,"臉部(頸部,臉頰,人中,前下巴)",1次,66000,"由人員剃毛需另加 60,000 韓元（含稅 66,000 韓元），男女相同。",34
除毛,女性除毛,"臉部(頸部,臉頰,人中,前下巴)",5次,264000,"由人員剃毛需另加 60,000 韓元（含稅 66,000 韓元），男女相同。",34
除毛,女性除毛,"臉部(頸部,臉頰,人中,前下巴,額頭) 額頭(=髮際線)",1次,77000,"由人員剃毛需另加 60,000 韓元（含稅 66,000 韓元），男女相同。",34
除毛,女性除毛,"臉部(頸部,臉頰,人中,前下巴,額頭) 額頭(=髮際線)",5次,308000,"由人員剃毛需另加 60,000 韓元（含稅 66,000 韓元），男女相同。",34
除毛,女性除毛,全手臂（含手部）,1次,77000,"由人員剃毛需另加 60,000 韓元（含稅 66,000 韓元），男女相同。",34
除毛,女性除毛,全手臂（含手部）,5次,308000,"由人員剃毛需另加 60,000 韓元（含稅 66,000 韓元），男女相同。",34
除毛,男女共用,人員剃毛,加購費用,66000,男女相同；原價目第 34–37 頁。,34
除毛,女性除毛,小腿(膝蓋含),1次,77000,"由人員剃毛需另加 60,000 韓元（含稅 66,000 韓元），男女相同。",35
除毛,女性除毛,小腿(膝蓋含),5次,308000,"由人員剃毛需另加 60,000 韓元（含稅 66,000 韓元），男女相同。",35
除毛,女性除毛,全腿（含腳部）,1次,132000,"由人員剃毛需另加 60,000 韓元（含稅 66,000 韓元），男女相同。",35
除毛,女性除毛,全腿（含腳部）,5次,528000,"由人員剃毛需另加 60,000 韓元（含稅 66,000 韓元），男女相同。",35
除毛,女性除毛,"上背,下背,胸部,腹部",1次,77000,"由人員剃毛需另加 60,000 韓元（含稅 66,000 韓元），男女相同。",35
除毛,女性除毛,"上背,下背,胸部,腹部",5次,308000,"由人員剃毛需另加 60,000 韓元（含稅 66,000 韓元），男女相同。",35
除毛,女性除毛,乳暈,1次,33000,"由人員剃毛需另加 60,000 韓元（含稅 66,000 韓元），男女相同。",35
除毛,女性除毛,乳暈,5次,132000,"由人員剃毛需另加 60,000 韓元（含稅 66,000 韓元），男女相同。",35
除毛,女性除毛,比基尼線,1次,55000,"由人員剃毛需另加 60,000 韓元（含稅 66,000 韓元），男女相同。",35
除毛,女性除毛,比基尼線,5次,220000,"由人員剃毛需另加 60,000 韓元（含稅 66,000 韓元），男女相同。",35
除毛,女性除毛,比基尼線(肛門含),5次,363000,"由人員剃毛需另加 60,000 韓元（含稅 66,000 韓元），男女相同。",35
除毛,女性除毛,腹股溝,1次,33000,"由人員剃毛需另加 60,000 韓元（含稅 66,000 韓元），男女相同。",35
除毛,女性除毛,腹股溝,5次,132000,"由人員剃毛需另加 60,000 韓元（含稅 66,000 韓元），男女相同。",35
除毛,女性除毛,臀部,1次,66000,"由人員剃毛需另加 60,000 韓元（含稅 66,000 韓元），男女相同。",35
除毛,女性除毛,臀部,5次,264000,"由人員剃毛需另加 60,000 韓元（含稅 66,000 韓元），男女相同。",35
除毛,女性除毛,肛門(單獨除毛),1次,44000,"由人員剃毛需另加 60,000 韓元（含稅 66,000 韓元），男女相同。",35
除毛,女性除毛,肛門(單獨除毛),5次,176000,"由人員剃毛需另加 60,000 韓元（含稅 66,000 韓元），男女相同。",35
除毛,女性除毛,巴西式(肛門含),1次,66000,"由人員剃毛需另加 60,000 韓元（含稅 66,000 韓元），男女相同。",35
除毛,女性除毛,巴西式(肛門含),5次,264000,"由人員剃毛需另加 60,000 韓元（含稅 66,000 韓元），男女相同。",35
除毛,男性除毛,"腋下, 手部, 腳部",1次,22000,"由人員剃毛需另加 60,000 韓元（含稅 66,000 韓元），男女相同。",36
除毛,男性除毛,"腋下, 手部, 腳部",5次,88000,"由人員剃毛需另加 60,000 韓元（含稅 66,000 韓元），男女相同。",36
除毛,男性除毛,臉部(人中+前下巴),1次,55000,"由人員剃毛需另加 60,000 韓元（含稅 66,000 韓元），男女相同。",36
除毛,男性除毛,臉部(人中+前下巴),5次,220000,"由人員剃毛需另加 60,000 韓元（含稅 66,000 韓元），男女相同。",36
除毛,男性除毛,"額頭,鬢角, 肚臍周圍毛髮",1次,44000,"由人員剃毛需另加 60,000 韓元（含稅 66,000 韓元），男女相同。",36
除毛,男性除毛,"額頭,鬢角, 肚臍周圍毛髮",5次,176000,"由人員剃毛需另加 60,000 韓元（含稅 66,000 韓元），男女相同。",36
除毛,男性除毛,"後頸,上臂,前臂",1次,55000,"由人員剃毛需另加 60,000 韓元（含稅 66,000 韓元），男女相同。",36
除毛,男性除毛,"後頸,上臂,前臂",5次,220000,"由人員剃毛需另加 60,000 韓元（含稅 66,000 韓元），男女相同。",36
除毛,男性除毛,全前頸,1次,44000,"由人員剃毛需另加 60,000 韓元（含稅 66,000 韓元），男女相同。",36
除毛,男性除毛,全前頸,5次,176000,"由人員剃毛需另加 60,000 韓元（含稅 66,000 韓元），男女相同。",36
除毛,男性除毛,臉部(人中+前下巴+頸部+臉頰),1次,77000,"由人員剃毛需另加 60,000 韓元（含稅 66,000 韓元），男女相同。",36
除毛,男性除毛,臉部(人中+前下巴+頸部+臉頰),5次,308000,"由人員剃毛需另加 60,000 韓元（含稅 66,000 韓元），男女相同。",36
除毛,男性除毛,臉部(人中+前下巴+頸部+臉頰+額頭),1次,88000,"由人員剃毛需另加 60,000 韓元（含稅 66,000 韓元），男女相同。",36
除毛,男性除毛,臉部(人中+前下巴+頸部+臉頰+額頭),5次,352000,"由人員剃毛需另加 60,000 韓元（含稅 66,000 韓元），男女相同。",36
除毛,男性除毛,全手臂（含手部）,1次,99000,"由人員剃毛需另加 60,000 韓元（含稅 66,000 韓元），男女相同。",36
除毛,男性除毛,全手臂（含手部）,5次,396000,"由人員剃毛需另加 60,000 韓元（含稅 66,000 韓元），男女相同。",36
除毛,男性除毛,小腿(膝蓋含),1次,99000,"由人員剃毛需另加 60,000 韓元（含稅 66,000 韓元），男女相同。",36
除毛,男性除毛,小腿(膝蓋含),5次,396000,"由人員剃毛需另加 60,000 韓元（含稅 66,000 韓元），男女相同。",36
除毛,男性除毛,上背、下背、胸部、腹部,1次,99000,"由人員剃毛需另加 60,000 韓元（含稅 66,000 韓元），男女相同。",37
除毛,男性除毛,上背、下背、胸部、腹部,5次,396000,"由人員剃毛需另加 60,000 韓元（含稅 66,000 韓元），男女相同。",37
除毛,男性除毛,全腿（含腳部）,1次,165000,"由人員剃毛需另加 60,000 韓元（含稅 66,000 韓元），男女相同。",37
除毛,男性除毛,全腿（含腳部）,5次,660000,"由人員剃毛需另加 60,000 韓元（含稅 66,000 韓元），男女相同。",37
除毛,男性除毛,乳暈,1次,33000,"由人員剃毛需另加 60,000 韓元（含稅 66,000 韓元），男女相同。",37
除毛,男性除毛,乳暈,5次,132000,"由人員剃毛需另加 60,000 韓元（含稅 66,000 韓元），男女相同。",37
除毛,男性除毛,腹股溝,1次,44000,"由人員剃毛需另加 60,000 韓元（含稅 66,000 韓元），男女相同。",37
除毛,男性除毛,腹股溝,5次,176000,"由人員剃毛需另加 60,000 韓元（含稅 66,000 韓元），男女相同。",37
除毛,男性除毛,臀部,1次,88000,"由人員剃毛需另加 60,000 韓元（含稅 66,000 韓元），男女相同。",37
除毛,男性除毛,臀部,5次,352000,"由人員剃毛需另加 60,000 韓元（含稅 66,000 韓元），男女相同。",37
除毛,男性除毛,肛門(單獨除毛),1次,55000,"由人員剃毛需另加 60,000 韓元（含稅 66,000 韓元），男女相同。",37
除毛,男性除毛,肛門(單獨除毛),5次,220000,"由人員剃毛需另加 60,000 韓元（含稅 66,000 韓元），男女相同。",37
除毛,男性除毛,巴西式(肛門含),1次,88000,"由人員剃毛需另加 60,000 韓元（含稅 66,000 韓元），男女相同。",37
除毛,男性除毛,巴西式(肛門含),5次,352000,"由人員剃毛需另加 60,000 韓元（含稅 66,000 韓元），男女相同。",37
點滴,點滴,點滴（白玉／灰姑娘／維他命 B／維他命 C／大蒜注射；Becom C／Merit C）,1次,55000,,38
點滴,點滴,點滴（白玉／灰姑娘／維他命 B／維他命 C／大蒜注射；Becom C／Merit C）,5次,220000,,38
點滴,點滴,點滴（白玉／灰姑娘／維他命 B／維他命 C／大蒜注射；Becom C／Merit C）,10次,330000,,38
點滴,點滴,精胺酸,1次,88000,,38
點滴,點滴,精胺酸,5次,385000,,38
點滴,點滴,精胺酸,10次,660000,,38
點滴,點滴,Multi Blue 點滴,1次,110000,,38
點滴,點滴,Multi Blue 點滴,5次,495000,,38
點滴,點滴,Multi Blue 點滴,10次,880000,,38
點滴,點滴,進階營養點滴,1次,198000,,38
點滴,點滴,進階營養點滴,5次,880000,,38
點滴,點滴,進階營養點滴,10次,1540000,,38
點滴,點滴,感冒點滴（解酒點滴）,1次,110000,,38
點滴,點滴,進階體重管理點滴,1次,220000,,38
點滴,點滴,SELENA NAD Celeb Boosting 點滴,250ml,396000,,38
點滴,點滴,SELENA NAD Celeb Boosting 點滴,500ml,792000,,38
其他,其他,消炎注射,1次,11000,,39
其他,其他,消炎注射 全臉,1次,165000,,39
其他,其他,蟹足腫注射,1次,11000,,39
其他,其他,痘痘處方（韓國境內；不分天數）,單項,11000,,39
其他,其他,痘痘處方（海外；7 天）,單項,11000,,39
產品,產品,Aquasis,80ml,45000,,40
產品,產品,Aquasis,300ml,77000,,40
產品,產品,Cell Fusion C Barrierderm Shield SPF 40 MD,80ml,66000,,40
產品,產品,Cell Fusion C Barrierderm Shield SPF 50 MD,80ml,80000,,40
產品,產品,Cell Fusion C Expert Barrierderm Itching Soothing Cream MD,150ml,50000,,40
產品,產品,Rejuderma Ato Cream MD,100ml,38000,,40
產品,產品,Rejuderma Ato Cream MD,230ml,66000,,40
產品,產品,Rejuderma Ato Lotion MD,400ml,99000,,40
